{
    "-1003771460278": [
        {
            "type": "one_to_one",
            "sender": "6085551760",
            "target": "8037987056",
            "total": 100000,
            "remain_amount": 0,
            "remain": 0,
            "time": 1772221503.447693,
            "grabs": {
                "8037987056": 100000
            }
        }
    ],
    "-1003648060909": [
        {
            "type": "user",
            "sender": "6085551760",
            "total": 10000,
            "remain_amount": 4287,
            "remain": 9,
            "time": 1772720057.098933,
            "grabs": {
                "6085551760": 5713
            }
        }
    ]
}